{
    "Eye": [200, 200, 1000],
    "Lights": [
        {
            "position": [-200, 600, 1500],
            "color": [1.0, 1.0, 1.0]
        }
    ],
    "Objects": [
        {
            "type": "quad",
            "v0": [50, 80, 100],
            "v1": [350, 80, 100],
            "v2": [350, 320, 100],
            "v3": [50, 320, 100],
            "material":
            {
                "color": [1.0, 0.0, 0.0],
                "ka": 0.3,
                "kd": 0.7,
                "ks": 0.5,
                "n": 5
            }
        }
    ]
}
