{
    "Eye": [200, 200, 1000],
    "Lights": [
        {
            "position": [-600, -100, 800],
            "color": [1.0, 0.2, 0.2]
        },
        {
            "position": [200, 1000, 800],
            "color": [0.2, 1.0, 0.2]
        },
        {
            "position": [1000, -100, 800],
            "color": [0.2, 0.2, 1.0]
        }
    ],
    "Objects": [
        {
            "type": "sphere",
            "position": [200, 200, 100],
            "radius": 100,
            "material":
            {
                "color": [0.8,0.6,0.7],
                "ka": 0.3,
                "kd": 0.3,
                "ks": 0.4,
                "n": 64
            }
        }
    ]
}
