{
    "Eye": [200, 200, 1000],
    "Lights": [
        {
            "position": [-200, 600, 1500],
            "color": [1.0, 1.0, 1.0]
        }
    ],
    "Objects": [
        {
            "type": "mesh",
            "filename": "../models/cube.obj",
            "position": [200, 200, 100],
            "rotation": [1.0471, 0.6283, 0.4487],
            "scale": [100.0, 100.0, 100.0],
            "material":
            {
                "color": [1.0, 0.0, 0.0],
                "ka": 0.3,
                "kd": 0.7,
                "ks": 0.5,
                "n": 5
            }
        }
    ]
}
