{
    "Eye": [200, 200, 1000],
    "Lights": [
        {
            "position": [-200, 600, 1500],
            "color": [1.0, 1.0, 1.0]
        }
    ],
    "Objects": [
        {
            "type": "cylinder",
            "position": [200, 25, 0],
            "direction": [0.0, 100.0, 0.0],
            "radius": 80,
            "material":
            {
                "color": [1.0, 0.0, 0.0],
                "ka": 0.3,
                "kd": 0.7,
                "ks": 0.5,
                "n": 5
            }
        }
    ]
}
