{
    "Eye": [200, 200, 100],
    "Lights": [
        {
            "position": [200, 200, 200],
            "color": [1.0, 1.0, 1.0]
        }
    ],
    "Objects": [

	    {
            "type": "triangle",
            "v0": [525.000000, 200.000000, -200],
            "v1": [675.000000, 200.000000, -200],
            "v2": [592.314112, 278.036129, -220],
            "material":
            {
                "color": [1.000000, 0.000000, 0.000000],
                "ka": 0.3,
                "kd": 0.9,
                "ks": 0.9,
                "n": 20
            }
        },
	    {
            "type": "triangle",
            "v0": [523.435036, 231.855571, -200],
            "v1": [672.712745, 246.558142, -200],
            "v2": [582.776134, 316.113871, -220],
            "material":
            {
                "color": [1.000000, 0.095238, 0.000000],
                "ka": 0.3,
                "kd": 0.9,
                "ks": 0.9,
                "n": 20
            }
        },
	    {
            "type": "triangle",
            "v0": [518.755216, 263.404355, -200],
            "v1": [665.873008, 292.667903, -200],
            "v2": [569.551813, 353.073373, -220],
            "material":
            {
                "color": [1.000000, 0.190476, 0.000000],
                "ka": 0.3,
                "kd": 0.9,
                "ks": 0.9,
                "n": 20
            }
        },
	    {
            "type": "triangle",
            "v0": [511.005609, 294.342520, -200],
            "v1": [654.546659, 337.885222, -200],
            "v2": [552.768506, 388.558695, -220],
            "material":
            {
                "color": [1.000000, 0.285714, 0.000000],
                "ka": 0.3,
                "kd": 0.9,
                "ks": 0.9,
                "n": 20
            }
        },
	    {
            "type": "triangle",
            "v0": [500.260848, 324.372116, -200],
            "v1": [638.842778, 381.774630, -200],
            "v2": [532.587845, 422.228093, -220],
            "material":
            {
                "color": [1.000000, 0.380952, 0.000000],
                "ka": 0.3,
                "kd": 0.9,
                "ks": 0.9,
                "n": 20
            }
        },
	    {
            "type": "triangle",
            "v0": [486.624411, 353.203939, -200],
            "v1": [618.912601, 423.913450, -200],
            "v2": [509.204181, 453.757314, -220],
            "material":
            {
                "color": [1.000000, 0.476190, 0.000000],
                "ka": 0.3,
                "kd": 0.9,
                "ks": 0.9,
                "n": 20
            }
        },
	    {
            "type": "triangle",
            "v0": [470.227624, 380.560326, -200],
            "v1": [594.948066, 463.895861, -200],
            "v2": [482.842712, 482.842712, -220],
            "material":
            {
                "color": [1.000000, 0.571429, 0.000000],
                "ka": 0.3,
                "kd": 0.9,
                "ks": 0.9,
                "n": 20
            }
        },
	    {
            "type": "triangle",
            "v0": [451.228397, 406.177817, -200],
            "v1": [567.179965, 501.336810, -200],
            "v2": [453.757314, 509.204181, -220],
            "material":
            {
                "color": [1.000000, 0.666667, 0.000000],
                "ka": 0.3,
                "kd": 0.9,
                "ks": 0.9,
                "n": 20
            }
        },
	    {
            "type": "triangle",
            "v0": [429.809704, 429.809704, -200],
            "v1": [535.875721, 535.875721, -200],
            "v2": [422.228093, 532.587845, -220],
            "material":
            {
                "color": [1.000000, 0.761905, 0.000000],
                "ka": 0.3,
                "kd": 0.9,
                "ks": 0.9,
                "n": 20
            }
        },
	    {
            "type": "triangle",
            "v0": [406.177817, 451.228397, -200],
            "v1": [501.336810, 567.179965, -200],
            "v2": [388.558695, 552.768506, -220],
            "material":
            {
                "color": [1.000000, 0.857143, 0.000000],
                "ka": 0.3,
                "kd": 0.9,
                "ks": 0.9,
                "n": 20
            }
        },
	    {
            "type": "triangle",
            "v0": [380.560326, 470.227624, -200],
            "v1": [463.895861, 594.948066, -200],
            "v2": [353.073373, 569.551813, -220],
            "material":
            {
                "color": [1.000000, 0.952381, 0.000000],
                "ka": 0.3,
                "kd": 0.9,
                "ks": 0.9,
                "n": 20
            }
        },
	    {
            "type": "triangle",
            "v0": [353.203939, 486.624411, -200],
            "v1": [423.913450, 618.912601, -200],
            "v2": [316.113871, 582.776134, -220],
            "material":
            {
                "color": [0.952381, 1.000000, 0.000000],
                "ka": 0.3,
                "kd": 0.9,
                "ks": 0.9,
                "n": 20
            }
        },
	    {
            "type": "triangle",
            "v0": [324.372116, 500.260848, -200],
            "v1": [381.774630, 638.842778, -200],
            "v2": [278.036129, 592.314112, -220],
            "material":
            {
                "color": [0.857143, 1.000000, 0.000000],
                "ka": 0.3,
                "kd": 0.9,
                "ks": 0.9,
                "n": 20
            }
        },
	    {
            "type": "triangle",
            "v0": [294.342520, 511.005609, -200],
            "v1": [337.885222, 654.546659, -200],
            "v2": [239.206856, 598.073891, -220],
            "material":
            {
                "color": [0.761905, 1.000000, 0.000000],
                "ka": 0.3,
                "kd": 0.9,
                "ks": 0.9,
                "n": 20
            }
        },
	    {
            "type": "triangle",
            "v0": [263.404355, 518.755216, -200],
            "v1": [292.667903, 665.873008, -200],
            "v2": [200.000000, 600.000000, -220],
            "material":
            {
                "color": [0.666667, 1.000000, 0.000000],
                "ka": 0.3,
                "kd": 0.9,
                "ks": 0.9,
                "n": 20
            }
        },
	    {
            "type": "triangle",
            "v0": [231.855571, 523.435036, -200],
            "v1": [246.558142, 672.712745, -200],
            "v2": [160.793144, 598.073891, -220],
            "material":
            {
                "color": [0.571429, 1.000000, 0.000000],
                "ka": 0.3,
                "kd": 0.9,
                "ks": 0.9,
                "n": 20
            }
        },
	    {
            "type": "triangle",
            "v0": [200.000000, 525.000000, -200],
            "v1": [200.000000, 675.000000, -200],
            "v2": [121.963871, 592.314112, -220],
            "material":
            {
                "color": [0.476190, 1.000000, 0.000000],
                "ka": 0.3,
                "kd": 0.9,
                "ks": 0.9,
                "n": 20
            }
        },
	    {
            "type": "triangle",
            "v0": [168.144429, 523.435036, -200],
            "v1": [153.441858, 672.712745, -200],
            "v2": [83.886129, 582.776134, -220],
            "material":
            {
                "color": [0.380952, 1.000000, 0.000000],
                "ka": 0.3,
                "kd": 0.9,
                "ks": 0.9,
                "n": 20
            }
        },
	    {
            "type": "triangle",
            "v0": [136.595645, 518.755216, -200],
            "v1": [107.332097, 665.873008, -200],
            "v2": [46.926627, 569.551813, -220],
            "material":
            {
                "color": [0.285714, 1.000000, 0.000000],
                "ka": 0.3,
                "kd": 0.9,
                "ks": 0.9,
                "n": 20
            }
        },
	    {
            "type": "triangle",
            "v0": [105.657480, 511.005609, -200],
            "v1": [62.114778, 654.546659, -200],
            "v2": [11.441305, 552.768506, -220],
            "material":
            {
                "color": [0.190476, 1.000000, 0.000000],
                "ka": 0.3,
                "kd": 0.9,
                "ks": 0.9,
                "n": 20
            }
        },
	    {
            "type": "triangle",
            "v0": [75.627884, 500.260848, -200],
            "v1": [18.225370, 638.842778, -200],
            "v2": [-22.228093, 532.587845, -220],
            "material":
            {
                "color": [0.095238, 1.000000, 0.000000],
                "ka": 0.3,
                "kd": 0.9,
                "ks": 0.9,
                "n": 20
            }
        },
	    {
            "type": "triangle",
            "v0": [46.796061, 486.624411, -200],
            "v1": [-23.913450, 618.912601, -200],
            "v2": [-53.757314, 509.204181, -220],
            "material":
            {
                "color": [0.000000, 1.000000, 0.000000],
                "ka": 0.3,
                "kd": 0.9,
                "ks": 0.9,
                "n": 20
            }
        },
	    {
            "type": "triangle",
            "v0": [19.439674, 470.227624, -200],
            "v1": [-63.895861, 594.948066, -200],
            "v2": [-82.842712, 482.842712, -220],
            "material":
            {
                "color": [0.000000, 1.000000, 0.095238],
                "ka": 0.3,
                "kd": 0.9,
                "ks": 0.9,
                "n": 20
            }
        },
	    {
            "type": "triangle",
            "v0": [-6.177817, 451.228397, -200],
            "v1": [-101.336810, 567.179965, -200],
            "v2": [-109.204181, 453.757314, -220],
            "material":
            {
                "color": [0.000000, 1.000000, 0.190476],
                "ka": 0.3,
                "kd": 0.9,
                "ks": 0.9,
                "n": 20
            }
        },
	    {
            "type": "triangle",
            "v0": [-29.809704, 429.809704, -200],
            "v1": [-135.875721, 535.875721, -200],
            "v2": [-132.587845, 422.228093, -220],
            "material":
            {
                "color": [0.000000, 1.000000, 0.285714],
                "ka": 0.3,
                "kd": 0.9,
                "ks": 0.9,
                "n": 20
            }
        },
	    {
            "type": "triangle",
            "v0": [-51.228397, 406.177817, -200],
            "v1": [-167.179965, 501.336810, -200],
            "v2": [-152.768506, 388.558695, -220],
            "material":
            {
                "color": [0.000000, 1.000000, 0.380952],
                "ka": 0.3,
                "kd": 0.9,
                "ks": 0.9,
                "n": 20
            }
        },
	    {
            "type": "triangle",
            "v0": [-70.227624, 380.560326, -200],
            "v1": [-194.948066, 463.895861, -200],
            "v2": [-169.551813, 353.073373, -220],
            "material":
            {
                "color": [0.000000, 1.000000, 0.476190],
                "ka": 0.3,
                "kd": 0.9,
                "ks": 0.9,
                "n": 20
            }
        },
	    {
            "type": "triangle",
            "v0": [-86.624411, 353.203939, -200],
            "v1": [-218.912601, 423.913450, -200],
            "v2": [-182.776134, 316.113871, -220],
            "material":
            {
                "color": [0.000000, 1.000000, 0.571429],
                "ka": 0.3,
                "kd": 0.9,
                "ks": 0.9,
                "n": 20
            }
        },
	    {
            "type": "triangle",
            "v0": [-100.260848, 324.372116, -200],
            "v1": [-238.842778, 381.774630, -200],
            "v2": [-192.314112, 278.036129, -220],
            "material":
            {
                "color": [0.000000, 1.000000, 0.666667],
                "ka": 0.3,
                "kd": 0.9,
                "ks": 0.9,
                "n": 20
            }
        },
	    {
            "type": "triangle",
            "v0": [-111.005609, 294.342520, -200],
            "v1": [-254.546659, 337.885222, -200],
            "v2": [-198.073891, 239.206856, -220],
            "material":
            {
                "color": [0.000000, 1.000000, 0.761905],
                "ka": 0.3,
                "kd": 0.9,
                "ks": 0.9,
                "n": 20
            }
        },
	    {
            "type": "triangle",
            "v0": [-118.755216, 263.404355, -200],
            "v1": [-265.873008, 292.667903, -200],
            "v2": [-200.000000, 200.000000, -220],
            "material":
            {
                "color": [0.000000, 1.000000, 0.857143],
                "ka": 0.3,
                "kd": 0.9,
                "ks": 0.9,
                "n": 20
            }
        },
	    {
            "type": "triangle",
            "v0": [-123.435036, 231.855571, -200],
            "v1": [-272.712745, 246.558142, -200],
            "v2": [-198.073891, 160.793144, -220],
            "material":
            {
                "color": [0.000000, 1.000000, 0.952381],
                "ka": 0.3,
                "kd": 0.9,
                "ks": 0.9,
                "n": 20
            }
        },
	    {
            "type": "triangle",
            "v0": [-125.000000, 200.000000, -200],
            "v1": [-275.000000, 200.000000, -200],
            "v2": [-192.314112, 121.963871, -220],
            "material":
            {
                "color": [0.000000, 0.952381, 1.000000],
                "ka": 0.3,
                "kd": 0.9,
                "ks": 0.9,
                "n": 20
            }
        },
	    {
            "type": "triangle",
            "v0": [-123.435036, 168.144429, -200],
            "v1": [-272.712745, 153.441858, -200],
            "v2": [-182.776134, 83.886129, -220],
            "material":
            {
                "color": [0.000000, 0.857143, 1.000000],
                "ka": 0.3,
                "kd": 0.9,
                "ks": 0.9,
                "n": 20
            }
        },
	    {
            "type": "triangle",
            "v0": [-118.755216, 136.595645, -200],
            "v1": [-265.873008, 107.332097, -200],
            "v2": [-169.551813, 46.926627, -220],
            "material":
            {
                "color": [0.000000, 0.761905, 1.000000],
                "ka": 0.3,
                "kd": 0.9,
                "ks": 0.9,
                "n": 20
            }
        },
	    {
            "type": "triangle",
            "v0": [-111.005609, 105.657480, -200],
            "v1": [-254.546659, 62.114778, -200],
            "v2": [-152.768506, 11.441305, -220],
            "material":
            {
                "color": [0.000000, 0.666667, 1.000000],
                "ka": 0.3,
                "kd": 0.9,
                "ks": 0.9,
                "n": 20
            }
        },
	    {
            "type": "triangle",
            "v0": [-100.260848, 75.627884, -200],
            "v1": [-238.842778, 18.225370, -200],
            "v2": [-132.587845, -22.228093, -220],
            "material":
            {
                "color": [0.000000, 0.571429, 1.000000],
                "ka": 0.3,
                "kd": 0.9,
                "ks": 0.9,
                "n": 20
            }
        },
	    {
            "type": "triangle",
            "v0": [-86.624411, 46.796061, -200],
            "v1": [-218.912601, -23.913450, -200],
            "v2": [-109.204181, -53.757314, -220],
            "material":
            {
                "color": [0.000000, 0.476190, 1.000000],
                "ka": 0.3,
                "kd": 0.9,
                "ks": 0.9,
                "n": 20
            }
        },
	    {
            "type": "triangle",
            "v0": [-70.227624, 19.439674, -200],
            "v1": [-194.948066, -63.895861, -200],
            "v2": [-82.842712, -82.842712, -220],
            "material":
            {
                "color": [0.000000, 0.380952, 1.000000],
                "ka": 0.3,
                "kd": 0.9,
                "ks": 0.9,
                "n": 20
            }
        },
	    {
            "type": "triangle",
            "v0": [-51.228397, -6.177817, -200],
            "v1": [-167.179965, -101.336810, -200],
            "v2": [-53.757314, -109.204181, -220],
            "material":
            {
                "color": [0.000000, 0.285714, 1.000000],
                "ka": 0.3,
                "kd": 0.9,
                "ks": 0.9,
                "n": 20
            }
        },
	    {
            "type": "triangle",
            "v0": [-29.809704, -29.809704, -200],
            "v1": [-135.875721, -135.875721, -200],
            "v2": [-22.228093, -132.587845, -220],
            "material":
            {
                "color": [0.000000, 0.190476, 1.000000],
                "ka": 0.3,
                "kd": 0.9,
                "ks": 0.9,
                "n": 20
            }
        },
	    {
            "type": "triangle",
            "v0": [-6.177817, -51.228397, -200],
            "v1": [-101.336810, -167.179965, -200],
            "v2": [11.441305, -152.768506, -220],
            "material":
            {
                "color": [0.000000, 0.095238, 1.000000],
                "ka": 0.3,
                "kd": 0.9,
                "ks": 0.9,
                "n": 20
            }
        },
	    {
            "type": "triangle",
            "v0": [19.439674, -70.227624, -200],
            "v1": [-63.895861, -194.948066, -200],
            "v2": [46.926627, -169.551813, -220],
            "material":
            {
                "color": [0.000000, 0.000000, 1.000000],
                "ka": 0.3,
                "kd": 0.9,
                "ks": 0.9,
                "n": 20
            }
        },
	    {
            "type": "triangle",
            "v0": [46.796061, -86.624411, -200],
            "v1": [-23.913450, -218.912601, -200],
            "v2": [83.886129, -182.776134, -220],
            "material":
            {
                "color": [0.095238, 0.000000, 1.000000],
                "ka": 0.3,
                "kd": 0.9,
                "ks": 0.9,
                "n": 20
            }
        },
	    {
            "type": "triangle",
            "v0": [75.627884, -100.260848, -200],
            "v1": [18.225370, -238.842778, -200],
            "v2": [121.963871, -192.314112, -220],
            "material":
            {
                "color": [0.190476, 0.000000, 1.000000],
                "ka": 0.3,
                "kd": 0.9,
                "ks": 0.9,
                "n": 20
            }
        },
	    {
            "type": "triangle",
            "v0": [105.657480, -111.005609, -200],
            "v1": [62.114778, -254.546659, -200],
            "v2": [160.793144, -198.073891, -220],
            "material":
            {
                "color": [0.285714, 0.000000, 1.000000],
                "ka": 0.3,
                "kd": 0.9,
                "ks": 0.9,
                "n": 20
            }
        },
	    {
            "type": "triangle",
            "v0": [136.595645, -118.755216, -200],
            "v1": [107.332097, -265.873008, -200],
            "v2": [200.000000, -200.000000, -220],
            "material":
            {
                "color": [0.380952, 0.000000, 1.000000],
                "ka": 0.3,
                "kd": 0.9,
                "ks": 0.9,
                "n": 20
            }
        },
	    {
            "type": "triangle",
            "v0": [168.144429, -123.435036, -200],
            "v1": [153.441858, -272.712745, -200],
            "v2": [239.206856, -198.073891, -220],
            "material":
            {
                "color": [0.476190, 0.000000, 1.000000],
                "ka": 0.3,
                "kd": 0.9,
                "ks": 0.9,
                "n": 20
            }
        },
	    {
            "type": "triangle",
            "v0": [200.000000, -125.000000, -200],
            "v1": [200.000000, -275.000000, -200],
            "v2": [278.036129, -192.314112, -220],
            "material":
            {
                "color": [0.571429, 0.000000, 1.000000],
                "ka": 0.3,
                "kd": 0.9,
                "ks": 0.9,
                "n": 20
            }
        },
	    {
            "type": "triangle",
            "v0": [231.855571, -123.435036, -200],
            "v1": [246.558142, -272.712745, -200],
            "v2": [316.113871, -182.776134, -220],
            "material":
            {
                "color": [0.666667, 0.000000, 1.000000],
                "ka": 0.3,
                "kd": 0.9,
                "ks": 0.9,
                "n": 20
            }
        },
	    {
            "type": "triangle",
            "v0": [263.404355, -118.755216, -200],
            "v1": [292.667903, -265.873008, -200],
            "v2": [353.073373, -169.551813, -220],
            "material":
            {
                "color": [0.761905, 0.000000, 1.000000],
                "ka": 0.3,
                "kd": 0.9,
                "ks": 0.9,
                "n": 20
            }
        },
	    {
            "type": "triangle",
            "v0": [294.342520, -111.005609, -200],
            "v1": [337.885222, -254.546659, -200],
            "v2": [388.558695, -152.768506, -220],
            "material":
            {
                "color": [0.857143, 0.000000, 1.000000],
                "ka": 0.3,
                "kd": 0.9,
                "ks": 0.9,
                "n": 20
            }
        },
	    {
            "type": "triangle",
            "v0": [324.372116, -100.260848, -200],
            "v1": [381.774630, -238.842778, -200],
            "v2": [422.228093, -132.587845, -220],
            "material":
            {
                "color": [0.952381, 0.000000, 1.000000],
                "ka": 0.3,
                "kd": 0.9,
                "ks": 0.9,
                "n": 20
            }
        },
	    {
            "type": "triangle",
            "v0": [353.203939, -86.624411, -200],
            "v1": [423.913450, -218.912601, -200],
            "v2": [453.757314, -109.204181, -220],
            "material":
            {
                "color": [1.000000, 0.000000, 0.952381],
                "ka": 0.3,
                "kd": 0.9,
                "ks": 0.9,
                "n": 20
            }
        },
	    {
            "type": "triangle",
            "v0": [380.560326, -70.227624, -200],
            "v1": [463.895861, -194.948066, -200],
            "v2": [482.842712, -82.842712, -220],
            "material":
            {
                "color": [1.000000, 0.000000, 0.857143],
                "ka": 0.3,
                "kd": 0.9,
                "ks": 0.9,
                "n": 20
            }
        },
	    {
            "type": "triangle",
            "v0": [406.177817, -51.228397, -200],
            "v1": [501.336810, -167.179965, -200],
            "v2": [509.204181, -53.757314, -220],
            "material":
            {
                "color": [1.000000, 0.000000, 0.761905],
                "ka": 0.3,
                "kd": 0.9,
                "ks": 0.9,
                "n": 20
            }
        },
	    {
            "type": "triangle",
            "v0": [429.809704, -29.809704, -200],
            "v1": [535.875721, -135.875721, -200],
            "v2": [532.587845, -22.228093, -220],
            "material":
            {
                "color": [1.000000, 0.000000, 0.666667],
                "ka": 0.3,
                "kd": 0.9,
                "ks": 0.9,
                "n": 20
            }
        },
	    {
            "type": "triangle",
            "v0": [451.228397, -6.177817, -200],
            "v1": [567.179965, -101.336810, -200],
            "v2": [552.768506, 11.441305, -220],
            "material":
            {
                "color": [1.000000, 0.000000, 0.571429],
                "ka": 0.3,
                "kd": 0.9,
                "ks": 0.9,
                "n": 20
            }
        },
	    {
            "type": "triangle",
            "v0": [470.227624, 19.439674, -200],
            "v1": [594.948066, -63.895861, -200],
            "v2": [569.551813, 46.926627, -220],
            "material":
            {
                "color": [1.000000, 0.000000, 0.476190],
                "ka": 0.3,
                "kd": 0.9,
                "ks": 0.9,
                "n": 20
            }
        },
	    {
            "type": "triangle",
            "v0": [486.624411, 46.796061, -200],
            "v1": [618.912601, -23.913450, -200],
            "v2": [582.776134, 83.886129, -220],
            "material":
            {
                "color": [1.000000, 0.000000, 0.380952],
                "ka": 0.3,
                "kd": 0.9,
                "ks": 0.9,
                "n": 20
            }
        },
	    {
            "type": "triangle",
            "v0": [500.260848, 75.627884, -200],
            "v1": [638.842778, 18.225370, -200],
            "v2": [592.314112, 121.963871, -220],
            "material":
            {
                "color": [1.000000, 0.000000, 0.285714],
                "ka": 0.3,
                "kd": 0.9,
                "ks": 0.9,
                "n": 20
            }
        },
	    {
            "type": "triangle",
            "v0": [511.005609, 105.657480, -200],
            "v1": [654.546659, 62.114778, -200],
            "v2": [598.073891, 160.793144, -220],
            "material":
            {
                "color": [1.000000, 0.000000, 0.190476],
                "ka": 0.3,
                "kd": 0.9,
                "ks": 0.9,
                "n": 20
            }
        },
	    {
            "type": "triangle",
            "v0": [518.755216, 136.595645, -200],
            "v1": [665.873008, 107.332097, -200],
            "v2": [600.000000, 200.000000, -220],
            "material":
            {
                "color": [1.000000, 0.000000, 0.095238],
                "ka": 0.3,
                "kd": 0.9,
                "ks": 0.9,
                "n": 20
            }
        },
	    {
            "type": "triangle",
            "v0": [523.435036, 168.144429, -200],
            "v1": [672.712745, 153.441858, -200],
            "v2": [598.073891, 239.206856, -220],
            "material":
            {
                "color": [1.000000, 0.000000, 0.000000],
                "ka": 0.3,
                "kd": 0.9,
                "ks": 0.9,
                "n": 20
            }
        }
    ]
}
