{
    "Eye": [200, 200, 1000],
    "Lights": [
        {
            "position": [-200, 600, 1500],
            "color": [1.0, 1.0, 1.0]
        }
    ],
    "Objects": [
        {
            "type": "sphere",
            "position": [200, 200, 100],
            "radius": 100,
            "material":
            {
                "color": [1.0, 0.0, 0.0],
                "ka": 1.0,
                "kd": 0.0,
                "ks": 0.0,
                "n": 64
            }
        }
    ]
}
